Date,Open,High,Low,Close,Adj Close,Volume,H-L,O-C,MA 7,MA 21,MA 200
2022-09-06,21818.181640625,22000.0,21409.091796875,21409.091796875,21409.091796875,17086189,590.908203125,409.08984375,21279.221261160714,21525.974051339286,27907.902119140625
2022-09-07,21409.091796875,21636.36328125,20909.091796875,20909.091796875,20909.091796875,28045049,727.271484375,500.0,21168.83175223214,21512.98707217262,27830.62939453125
2022-09-08,21090.908203125,21318.181640625,20818.181640625,21000.0,21000.0,22622049,500.0,90.908203125,21116.883649553572,21491.34207589286,27755.90912109375
2022-09-09,21227.2734375,21636.36328125,21000.0,21636.36328125,21636.36328125,29169909,636.36328125,-409.08984375,21220.77957589286,21478.355003720237,27689.4405859375
2022-09-12,21727.2734375,22090.908203125,21636.36328125,21636.36328125,21636.36328125,29139989,454.544921875,90.91015625,21318.182198660714,21478.355003720237,27629.790234375
2022-09-13,21590.908203125,21818.181640625,21363.63671875,21545.455078125,21545.455078125,19129109,454.544921875,45.453125,21409.091238839286,21491.34207589286,27567.412607421877
2022-09-14,21136.36328125,21636.36328125,21136.36328125,21545.455078125,21545.455078125,32111529,500.0,-409.091796875,21383.1171875,21480.519624255954,27501.888125
2022-09-15,21727.2734375,21727.2734375,21318.181640625,21454.544921875,21454.544921875,15103439,409.091796875,272.728515625,21389.610491071428,21463.203590029763,27439.055947265624
2022-09-16,21272.7265625,21454.544921875,20909.091796875,20909.091796875,20909.091796875,30261769,545.453125,363.634765625,21389.610491071428,21396.104073660714,27371.39861328125
2022-09-19,21000.0,21136.36328125,20409.091796875,20590.908203125,20590.908203125,30227009,727.271484375,409.091796875,21331.168805803572,21324.67550223214,27302.849658203126
2022-09-20,20727.2734375,20909.091796875,20545.455078125,20909.091796875,20909.091796875,14312099,363.63671875,-181.818359375,21227.272879464286,21274.892020089286,27238.16435546875
2022-09-21,20818.181640625,20863.63671875,20636.36328125,20818.181640625,20818.181640625,11105929,227.2734375,0.0,21110.389787946428,21238.095517113095,27171.101416015626
2022-09-22,20636.36328125,21000.0,20590.908203125,20909.091796875,20909.091796875,13375339,409.091796875,-272.728515625,21019.48074776786,21222.944010416668,27104.318203125
2022-09-23,20954.544921875,21090.908203125,20636.36328125,20636.36328125,20636.36328125,16903809,454.544921875,318.181640625,20889.610491071428,21181.818452380954,27037.56994140625
2022-09-26,20409.091796875,20545.455078125,19863.63671875,20363.63671875,20363.63671875,29048139,681.818359375,45.455078125,20733.766462053572,21134.199404761905,26972.60490234375
2022-09-27,20409.091796875,20454.544921875,20090.908203125,20363.63671875,20363.63671875,10550759,363.63671875,45.455078125,20655.844308035714,21071.428850446428,26914.458046875
2022-09-28,20181.818359375,20409.091796875,19636.36328125,19818.181640625,19818.181640625,16059559,772.728515625,363.63671875,20545.45479910714,20997.835751488095,26847.115380859374
2022-09-29,20136.36328125,20272.7265625,19681.818359375,19681.818359375,19681.818359375,11364429,590.908203125,454.544921875,20370.130022321428,20939.39415922619,26780.48951171875
2022-09-30,19545.455078125,19681.818359375,18818.181640625,19272.7265625,19272.7265625,25706449,863.63671875,272.728515625,20149.350725446428,20859.307570684523,26712.16783203125
2022-10-03,19272.7265625,19272.7265625,17954.544921875,17954.544921875,17954.544921875,37546959,1318.181640625,1318.181640625,19727.272600446428,20718.61486235119,26639.35314453125
2022-10-04,18272.7265625,18409.091796875,16954.544921875,17136.36328125,17136.36328125,35326939,1454.546875,1136.36328125,19227.272600446428,20500.000093005954,26562.272724609375
2022-10-05,17454.544921875,17590.908203125,17136.36328125,17454.544921875,17454.544921875,28234249,454.544921875,0.0,18811.688058035714,20311.688337053572,26482.7622265625
2022-10-06,17545.455078125,17545.455078125,16363.63671875,16363.63671875,16363.63671875,41371879,1181.818359375,1181.818359375,18240.25948660714,20095.238095238095,26397.4475390625
2022-10-07,16045.4541015625,16181.818359375,15500.0,16000.0,16000.0,40955529,681.818359375,45.4541015625,17694.80496651786,19857.14285714286,26311.36361328125
2022-10-10,15727.2724609375,16909.091796875,15636.36328125,16681.818359375,16681.818359375,27699429,1272.728515625,-954.5458984375,17266.233537946428,19621.21214657738,26231.48599609375
2022-10-11,16727.2734375,16727.2734375,15772.7275390625,15909.0908203125,15909.0908203125,29435669,954.5458984375,818.1826171875,16785.71414620536,19348.484886532737,26147.04543457031
2022-10-12,16181.818359375,17000.0,15909.0908203125,17000.0,17000.0,31896369,1090.9091796875,-818.181640625,16649.3505859375,19132.034644717263,26070.85662597656
2022-10-13,17090.908203125,17818.181640625,16863.63671875,17727.2734375,17727.2734375,26909409,954.544921875,-636.365234375,16733.76632254464,18950.216471354168,26001.800688476564
2022-10-14,17954.544921875,18090.908203125,17545.455078125,17681.818359375,17681.818359375,25947459,545.453125,272.7265625,16766.233956473214,18770.562825520832,25933.041948242186
2022-10-17,17500.0,17590.908203125,17181.818359375,17500.0,17500.0,25115034,409.08984375,0.0,16928.57156808036,18608.225120907737,25859.52796386719
2022-10-18,17727.2734375,17909.091796875,17000.0,17136.36328125,17136.36328125,31357259,909.091796875,590.91015625,17090.9091796875,18443.722981770832,25784.720268554687
2022-10-19,17136.36328125,17136.36328125,16681.818359375,16727.2734375,16727.2734375,22259159,454.544921875,409.08984375,17097.402762276786,18244.588774181546,25708.21677246094
2022-10-20,16681.818359375,16909.091796875,16409.091796875,16454.544921875,16454.544921875,28636299,500.0,227.2734375,17175.324776785714,18036.796549479168,25630.34963378906
2022-10-21,16636.36328125,16636.36328125,15363.63671875,15363.63671875,15363.63671875,49670169,1272.7265625,1272.7265625,16941.55859375,17772.72726004464,25547.37761230469
2022-10-24,15454.5458984375,15500.0,14727.2724609375,14909.0908203125,14909.0908203125,30960379,772.7275390625,545.455078125,16538.961077008928,17500.0,25459.685302734375
2022-10-25,14909.0908203125,15909.0908203125,14590.9091796875,15545.4541015625,15545.4541015625,34308449,1318.181640625,-636.36328125,16233.766183035714,17270.56273251488,25373.951030273438
2022-10-26,15454.5458984375,15818.181640625,15318.181640625,15363.63671875,15363.63671875,13224749,500.0,90.9091796875,15928.57142857143,17032.46749441964,25287.132846679688
2022-10-27,15409.0908203125,16000.0,15363.63671875,15818.181640625,15818.181640625,23503479,636.36328125,-409.0908203125,15740.259765625,16841.991303943454,25205.034946289063
2022-10-28,15818.181640625,16045.4541015625,15272.7275390625,15272.7275390625,15272.7275390625,34545389,772.7265625,545.4541015625,15532.467494419643,16632.034598214286,25121.258720703125
2022-10-31,14227.2724609375,14545.4541015625,14227.2724609375,14227.2724609375,14227.2724609375,72986319,318.181640625,0.0,15214.285714285714,16391.774879092263,25032.779702148437
2022-11-01,14318.181640625,14545.4541015625,13454.5458984375,13636.36328125,13636.36328125,89706099,1090.908203125,681.818359375,14967.53236607143,16186.147181919643,24943.26921386719
2022-11-02,13636.36328125,14272.7275390625,13636.36328125,13954.5458984375,13954.5458984375,44129689,636.3642578125,-318.1826171875,14831.16880580357,16034.632068452382,24851.503486328125
2022-11-03,13863.63671875,14045.4541015625,13727.2724609375,13818.181640625,13818.181640625,22692339,318.181640625,45.455078125,14584.415597098214,15861.471912202382,24757.307685546875
2022-11-04,13636.36328125,13772.7275390625,13181.818359375,13318.181640625,13318.181640625,48255349,590.9091796875,318.181640625,14292.207728794643,15716.450241815477,24662.185302734375
2022-11-07,13227.2724609375,13454.5458984375,12454.5458984375,12454.5458984375,12454.5458984375,43948409,1000.0,772.7265625,13811.68833705357,15547.619094122023,24568.164321289063
2022-11-08,11909.0908203125,12454.5458984375,11818.181640625,11954.5458984375,11954.5458984375,50901179,636.3642578125,-45.455078125,13337.662388392857,15322.51088169643,24474.0908984375
2022-11-09,12000.0,12363.63671875,11772.7275390625,11818.181640625,11818.181640625,36064709,590.9091796875,181.818359375,12993.506556919643,15127.70568266369,24381.08390625
2022-11-10,11545.4541015625,11636.36328125,11000.0,11000.0,11000.0,87801339,636.36328125,545.4541015625,12616.883231026786,14841.991396949405,24282.23775390625
2022-11-11,11181.818359375,11500.0,10909.0908203125,11181.818359375,11181.818359375,70223009,590.9091796875,0.0,12220.779296875,14530.303059895834,24186.7482421875
2022-11-14,11045.4541015625,11318.181640625,10772.7275390625,11090.9091796875,11090.9091796875,66297109,545.4541015625,-45.455078125,11831.1689453125,14216.450241815477,24099.895092773437
2022-11-15,10909.0908203125,11409.0908203125,10909.0908203125,11363.63671875,11363.63671875,48858479,500.0,-454.5458984375,11551.9482421875,13924.242466517857,24005.489497070314
2022-11-16,11181.818359375,12136.36328125,10727.2724609375,12136.36328125,12136.36328125,61471629,1409.0908203125,-954.544921875,11506.493582589286,13686.147228422618,23914.248237304688
2022-11-17,12636.36328125,12954.5458984375,12545.4541015625,12954.5458984375,12954.5458984375,37331909,409.091796875,-318.1826171875,11649.35072544643,13506.49353608631,23831.64333984375
2022-11-18,13272.7275390625,13818.181640625,12954.5458984375,13727.2724609375,13727.2724609375,109624679,863.6357421875,-454.544921875,11922.07798549107,13376.62341889881,23752.72725097656
2022-11-21,13818.181640625,13863.63671875,13409.0908203125,13590.9091796875,13590.9091796875,34765389,454.5458984375,227.2724609375,12292.20786830357,13292.207821800595,23670.15732421875
2022-11-22,13318.181640625,14045.4541015625,13136.36328125,13454.5458984375,13454.5458984375,47681369,909.0908203125,-136.3642578125,12616.883231026786,13222.943777901786,23578.164321289063
2022-11-23,13363.63671875,13500.0,12545.4541015625,12545.4541015625,12545.4541015625,33421849,954.5458984375,818.1826171875,12824.675362723214,13080.086635044643,23475.506982421874
2022-11-24,12454.5458984375,13090.9091796875,12363.63671875,13045.4541015625,13045.4541015625,34227159,727.2724609375,-590.908203125,13064.934988839286,12969.696986607143,23376.39858886719
2022-11-25,13272.7275390625,13909.0908203125,13045.4541015625,13909.0908203125,13909.0908203125,29187289,863.63671875,-636.36328125,13318.18178013393,12878.787899925595,23281.08390625
2022-11-28,14181.818359375,14863.63671875,14181.818359375,14863.63671875,14863.63671875,64814089,681.818359375,-681.818359375,13590.90904017857,12859.307384672618,23193.8636328125
2022-11-29,15090.9091796875,15863.63671875,14863.63671875,15818.181640625,15818.181640625,72358659,1000.0,-727.2724609375,13889.6103515625,12935.064964657739,23112.115380859374
2022-11-30,15954.5458984375,16727.2734375,15636.36328125,16727.2734375,16727.2734375,63689229,1090.91015625,-772.7275390625,14337.662388392857,13082.251162574405,23034.912587890623
2022-12-01,17045.455078125,17863.63671875,16363.63671875,16545.455078125,16545.455078125,73559749,1500.0,500.0,14779.22084263393,13205.62779017857,22955.052451171876
2022-12-02,16363.63671875,17681.818359375,16181.818359375,17681.818359375,17681.818359375,50251409,1500.0,-1318.181640625,15512.98716517857,13389.61049107143,22878.9510546875
2022-12-05,18000.0,18545.455078125,17727.2734375,18181.818359375,18181.818359375,55191179,818.181640625,-181.818359375,16246.753487723214,13621.212239583334,22806.74826171875
2022-12-06,18090.908203125,18136.36328125,16909.091796875,16909.091796875,16909.091796875,73239429,1227.271484375,1181.81640625,16675.325055803572,13833.333472842261,22729.05595703125
2022-12-07,16363.63671875,17409.091796875,16090.9091796875,16590.908203125,16590.908203125,38213669,1318.1826171875,-227.271484375,16922.078125,14054.112630208334,22648.7237890625
2022-12-08,17181.818359375,17590.908203125,16818.181640625,17181.818359375,17181.818359375,34059959,772.7265625,0.0,17116.883370535714,14309.523902529761,22573.793720703125
2022-12-09,17181.818359375,17681.818359375,16818.181640625,17454.544921875,17454.544921875,38329279,863.63671875,-272.7265625,17220.779296875,14616.88318452381,22500.57693359375
2022-12-12,17454.544921875,17772.7265625,16909.091796875,16909.091796875,16909.091796875,39415749,863.634765625,545.453125,17272.727399553572,14889.61049107143,22420.087431640626
2022-12-13,16909.091796875,17272.7265625,16590.908203125,17272.7265625,17272.7265625,27097399,681.818359375,-363.634765625,17214.285714285714,15183.982747395834,22342.465048828126
2022-12-14,17590.908203125,17818.181640625,17272.7265625,17454.544921875,17454.544921875,37895329,545.455078125,136.36328125,17110.389508928572,15474.02599516369,22265.7517578125
2022-12-15,17363.63671875,17863.63671875,17363.63671875,17590.908203125,17590.908203125,23326709,500.0,-227.271484375,17207.791852678572,15733.76622953869,22178.531474609375
2022-12-16,17454.544921875,18590.908203125,17227.2734375,18545.455078125,18545.455078125,60922179,1363.634765625,-1090.91015625,17487.012834821428,16000.0,22097.13287109375
2022-12-19,18727.2734375,19318.181640625,18181.818359375,18181.818359375,18181.818359375,55148719,1136.36328125,545.455078125,17629.869977678572,16212.12123325893,22009.370634765626
2022-12-20,18000.0,18272.7265625,17045.455078125,17272.7265625,17272.7265625,50396279,1227.271484375,727.2734375,17603.895926339286,16387.445870535714,21922.832177734374
2022-12-21,17636.36328125,17681.818359375,16454.544921875,17181.818359375,17181.818359375,30565919,1227.2734375,454.544921875,17642.856863839286,16564.935035342263,21834.44056640625
2022-12-22,17363.63671875,17818.181640625,17000.0,17181.818359375,17181.818359375,21279719,818.181640625,181.818359375,17629.869977678572,16785.714285714286,21748.496513671875
2022-12-23,17136.36328125,17181.818359375,16454.544921875,16681.818359375,16681.818359375,30118087,727.2734375,454.544921875,17519.48046875,16958.874488467263,21665.47203125
2022-12-26,16636.36328125,16636.36328125,15545.4541015625,15545.4541015625,15545.4541015625,40506289,1090.9091796875,1090.9091796875,17227.27273995536,17036.796549479168,21583.05943847656
2022-12-27,15545.4541015625,16590.908203125,15545.4541015625,16590.908203125,16590.908203125,26828999,1045.4541015625,-1045.4541015625,16948.0517578125,17119.04757254464,21504.650346679686
2022-12-28,16727.2734375,16818.181640625,16318.181640625,16545.455078125,16545.455078125,17364819,500.0,181.818359375,16714.285574776786,17153.679640997023,21425.839165039062
2022-12-29,16636.36328125,16818.181640625,16227.2724609375,16363.63671875,16363.63671875,19216779,590.9091796875,272.7265625,16584.415597098214,17136.363606770832,21346.99301269531
2022-12-30,16454.544921875,16772.7265625,16272.7275390625,16363.63671875,16363.63671875,16684579,499.9990234375,90.908203125,16467.53250558036,17127.705589657737,21266.22378417969
2023-01-03,16636.36328125,17500.0,16545.455078125,17500.0,17500.0,31691659,954.544921875,-863.63671875,16512.98702566964,17119.04757254464,21189.91259277344
2023-01-04,17681.818359375,18000.0,17545.455078125,17636.36328125,17636.36328125,22523599,454.544921875,45.455078125,16649.3505859375,17093.07352120536,21114.10839355469
2023-01-05,17636.36328125,18181.818359375,17409.091796875,18000.0,18000.0,23894419,772.7265625,-363.63671875,17000.0,17145.021530877977,21040.472026367188
2023-01-06,17909.091796875,18272.7265625,17454.544921875,17636.36328125,17636.36328125,21895609,818.181640625,272.728515625,17149.350725446428,17194.805106026786,20966.416079101564
2023-01-09,18000.0,18272.7265625,17727.2734375,17818.181640625,17818.181640625,17803499,545.453125,181.818359375,17331.168805803572,17225.10811941964,20893.26922363281
2023-01-10,17818.181640625,18272.7265625,17454.544921875,18000.0,18000.0,29998209,818.181640625,-181.818359375,17564.934988839286,17251.082170758928,20822.779711914063
2023-01-11,18181.818359375,18681.818359375,18090.908203125,18363.63671875,18363.63671875,28280229,590.91015625,-181.818359375,17850.649274553572,17320.346214657737,20754.28320800781
2023-01-12,18272.7265625,18409.091796875,18090.908203125,18227.2734375,18227.2734375,25515819,318.18359375,45.453125,17954.545479910714,17365.800827752977,20686.328666992187
2023-01-13,18409.091796875,18500.0,18090.908203125,18136.36328125,18136.36328125,23069969,409.091796875,272.728515625,18025.974051339286,17398.268368675595,20619.31817871094
2023-01-16,18181.818359375,18772.7265625,18136.36328125,18409.091796875,18409.091796875,27380561,636.36328125,-227.2734375,18084.41573660714,17437.2294921875,20551.573432617188
2023-01-17,18590.908203125,19681.818359375,18590.908203125,19681.818359375,19681.818359375,46254669,1090.91015625,-1090.91015625,18376.623604910714,17491.34202938988,20489.66783691406
2023-01-18,20000.0,20045.455078125,19590.908203125,19727.2734375,19727.2734375,29095219,454.546875,272.7265625,18649.351004464286,17564.935128348214,20427.11539550781
2023-01-19,19636.36328125,19863.63671875,18954.544921875,19227.2734375,19227.2734375,50028219,909.091796875,409.08984375,18824.67578125,17658.0087890625,20358.041977539062
2023-01-27,19090.908203125,19590.908203125,18954.544921875,19545.455078125,19545.455078125,29231839,636.36328125,-454.546875,18993.506975446428,17770.562918526786,20293.00701660156
2023-01-30,19727.2734375,20181.818359375,19409.091796875,19772.7265625,19772.7265625,46795429,772.7265625,-45.453125,19214.285993303572,17893.939499627977,20229.632885742187
2023-01-31,19909.091796875,20090.908203125,19727.2734375,20090.908203125,20090.908203125,31240989,363.634765625,-181.81640625,19493.506696428572,18056.27711123512,20172.395122070313
2023-02-01,20181.818359375,20590.908203125,19090.908203125,19181.818359375,19181.818359375,57095939,1500.0,1000.0,19603.89620535714,18229.437313988095,20110.262250976564
2023-02-02,19272.7265625,19727.2734375,19181.818359375,19363.63671875,19363.63671875,28250859,545.455078125,-90.91015625,19558.44168526786,18361.472005208332,20050.08742675781
2023-02-03,19500.0,19590.908203125,19090.908203125,19181.818359375,19181.818359375,23117929,500.0,318.181640625,19480.51953125,18487.013113839286,19991.451059570314
2023-02-06,19181.818359375,19227.2734375,18681.818359375,19227.2734375,19227.2734375,25368529,545.455078125,-45.455078125,19480.51953125,18623.376767113095,19938.461547851562
2023-02-07,19227.2734375,19272.7265625,17909.091796875,17954.544921875,17954.544921875,47715359,1363.634765625,1272.728515625,19253.246651785714,18699.134300595237,19876.835668945314
2023-02-08,17954.544921875,19181.818359375,17954.544921875,18954.544921875,18954.544921875,37193749,1227.2734375,-1000.0,19136.36356026786,18768.398344494046,19820.55943847656
2023-02-09,19090.908203125,19318.181640625,18727.2734375,18727.2734375,18727.2734375,18086859,590.908203125,363.634765625,18941.55859375,18820.34644717262,19762.62237792969
2023-02-10,18818.181640625,18909.091796875,18318.181640625,18636.36328125,18636.36328125,17591199,590.91015625,181.818359375,18863.63643973214,18850.649460565477,19702.657338867186
2023-02-13,18545.455078125,18545.455078125,17954.544921875,18363.63671875,18363.63671875,20725979,590.91015625,181.818359375,18720.779296875,18885.28152901786,19651.99300292969
2023-02-14,18454.544921875,19000.0,18409.091796875,18727.2734375,18727.2734375,19024059,590.908203125,-272.728515625,18655.844308035714,18928.571614583332,19601.57342285156
2023-02-15,18727.2734375,19136.36328125,18409.091796875,18909.091796875,18909.091796875,22083819,727.271484375,-181.818359375,18610.389787946428,18971.86170014881,19547.517485351564
2023-02-16,19045.455078125,19454.544921875,18727.2734375,19363.63671875,19363.63671875,26306389,727.271484375,-318.181640625,18811.688616071428,19019.48074776786,19493.636372070312
2023-02-17,19363.63671875,19409.091796875,19090.908203125,19090.908203125,19090.908203125,15063069,318.18359375,272.728515625,18831.169084821428,19060.60621279762,19437.692309570313
2023-02-20,19090.908203125,19909.091796875,19090.908203125,19909.091796875,19909.091796875,28315869,818.18359375,-818.18359375,19000.00027901786,19145.02185639881,19390.384624023438
2023-02-21,20045.455078125,20272.7265625,19636.36328125,19636.36328125,19636.36328125,23582789,636.36328125,409.091796875,19142.857421875,19203.463355654763,19341.538471679687
2023-02-22,19454.544921875,20090.908203125,19272.7265625,19272.7265625,19272.7265625,37727469,818.181640625,181.818359375,19272.727399553572,19183.98279389881,19291.748256835937
2023-02-23,19227.2734375,19545.455078125,18545.455078125,19545.455078125,19545.455078125,36946689,1000.0,-318.181640625,19389.610491071428,19175.324776785714,19249.79021972656
2023-02-24,19545.455078125,19545.455078125,18772.7265625,18909.091796875,18909.091796875,16675559,772.728515625,636.36328125,19389.610491071428,19160.173270089286,19200.62938964844
2023-02-27,18545.455078125,18681.818359375,18136.36328125,18272.7265625,18272.7265625,34524709,545.455078125,272.728515625,19233.766183035714,19099.56715029762,19149.86015136719
2023-02-28,18590.908203125,18636.36328125,18090.908203125,18181.818359375,18181.818359375,17962779,545.455078125,409.08984375,19103.89620535714,19023.809616815477,19107.02798339844
2023-03-01,18181.818359375,19000.0,18000.0,19000.0,19000.0,21400939,1000.0,-818.181640625,18974.025948660714,18971.86160714286,19076.503510742186
2023-03-02,19090.908203125,19181.818359375,18727.2734375,18727.2734375,18727.2734375,10596629,454.544921875,363.634765625,18844.15597098214,18950.216610863095,19043.21680175781
2023-03-03,18909.091796875,19181.818359375,18500.0,18500.0,18500.0,23773749,681.818359375,409.091796875,18733.766462053572,18909.09105282738,19002.15036621094
2023-03-06,18772.7265625,18954.544921875,18545.455078125,18545.455078125,18545.455078125,12913779,409.08984375,227.271484375,18590.909319196428,18878.788039434523,18961.31120605469
2023-03-07,18727.2734375,19409.091796875,18681.818359375,19181.818359375,19181.818359375,32539869,727.2734375,-454.544921875,18629.870256696428,18876.623511904763,18924.70281738281
2023-03-08,19000.0,19272.7265625,18909.091796875,19272.7265625,19272.7265625,17831439,363.634765625,-272.7265625,18772.727399553572,18939.394066220237,18889.423090820314
2023-03-09,19272.7265625,19590.908203125,19272.7265625,19272.7265625,19272.7265625,25927659,318.181640625,0.0,18928.571428571428,18954.545572916668,18857.29021972656
2023-03-10,19227.2734375,19500.0,19090.908203125,19363.63671875,19363.63671875,24759129,409.091796875,-136.36328125,18980.51953125,18984.848586309523,18832.08043457031
2023-03-13,19136.36328125,19454.544921875,19000.0,19181.818359375,19181.818359375,23176889,454.544921875,-45.455078125,19045.454520089286,19010.82263764881,18807.53498535156
2023-03-14,19136.36328125,19181.818359375,18363.63671875,18454.544921875,18454.544921875,34007269,818.181640625,681.818359375,19038.9609375,19015.15159970238,18777.430083007814
2023-03-15,18909.091796875,19363.63671875,18727.2734375,19363.63671875,19363.63671875,30202149,636.36328125,-454.544921875,19155.84402901786,19045.454613095237,18750.297221679688
2023-03-16,19090.908203125,19181.818359375,18636.36328125,18954.544921875,18954.544921875,33272139,545.455078125,136.36328125,19123.376395089286,19047.619047619046,18721.118901367186
2023-03-17,19136.36328125,19136.36328125,18545.455078125,18545.455078125,18545.455078125,37635839,590.908203125,590.908203125,19019.48046875,19008.658017113095,18692.517504882813
2023-03-20,18545.455078125,18727.2734375,18181.818359375,18181.818359375,18181.818359375,25287789,545.455078125,363.63671875,18863.63643973214,18965.368024553572,18663.321704101563
2023-03-21,18363.63671875,18681.818359375,18045.455078125,18590.908203125,18590.908203125,21816519,636.36328125,-227.271484375,18753.246651785714,18902.59737723214,18640.367153320312
2023-03-22,18681.818359375,18727.2734375,18318.181640625,18454.544921875,18454.544921875,14231469,409.091796875,227.2734375,18649.350446428572,18846.3203125,18615.856665039064
2023-03-23,18363.63671875,18545.455078125,18227.2734375,18545.455078125,18545.455078125,15641669,318.181640625,-181.818359375,18662.33761160714,18811.688337053572,18592.150375976562
2023-03-24,18590.908203125,18636.36328125,18454.544921875,18545.455078125,18545.455078125,16884559,181.818359375,45.453125,18545.454520089286,18764.069289434523,18568.793735351563
2023-03-27,18545.455078125,19000.0,18500.0,18909.091796875,18909.091796875,22642179,500.0,-363.63671875,18538.96121651786,18764.069289434523,18548.304233398438
2023-03-28,19000.0,19090.908203125,18818.181640625,18818.181640625,18818.181640625,13751209,272.7265625,181.818359375,18577.92215401786,18790.04334077381,18524.213325195313
2023-03-29,18818.181640625,19181.818359375,18818.181640625,18909.091796875,18909.091796875,20084723,363.63671875,-90.91015625,18681.818359375,18824.67540922619,18501.276264648437
2023-03-30,19090.908203125,19227.2734375,18863.63671875,18909.091796875,18909.091796875,23211209,363.63671875,181.81640625,18727.27315848214,18820.34644717262,18484.632915039063
2023-03-31,18909.091796875,19000.0,18500.0,18909.091796875,18909.091796875,26147329,500.0,0.0,18792.208426339286,18829.004464285714,18473.234321289063
2023-04-03,19136.36328125,19181.818359375,18954.544921875,19090.908203125,19090.908203125,23507549,227.2734375,45.455078125,18870.130301339286,18857.14295014881,18465.891655273437
2023-04-04,19227.2734375,19272.7265625,19045.455078125,19181.818359375,19181.818359375,21850839,227.271484375,45.455078125,18961.03934151786,18887.445963541668,18453.409135742186
2023-04-05,19181.818359375,19545.455078125,19045.455078125,19545.455078125,19545.455078125,28074969,500.0,-363.63671875,19051.948381696428,18904.76199776786,18445.681870117187
2023-04-06,19590.908203125,19909.091796875,19454.544921875,19545.455078125,19545.455078125,30677789,454.546875,45.453125,19155.844587053572,18917.749069940477,18445.227329101563
2023-04-07,19545.455078125,19636.36328125,19181.818359375,19272.7265625,19272.7265625,20419299,454.544921875,272.728515625,19207.792410714286,18917.749069940477,18447.045502929686
2023-04-10,19318.181640625,19409.091796875,18727.2734375,18818.181640625,18818.181640625,29530269,681.818359375,500.0,19194.805245535714,18891.77501860119,18443.409135742186
2023-04-11,18818.181640625,18954.544921875,18727.2734375,18909.091796875,18909.091796875,16132830,227.271484375,-90.91015625,19194.805245535714,18878.788039434523,18438.863686523437
2023-04-12,19000.0,19000.0,18772.7265625,18863.63671875,18863.63671875,11867019,227.2734375,136.36328125,19162.337890625,18898.268601190477,18434.090961914062
2023-04-13,18909.091796875,18909.091796875,18500.0,18590.908203125,18590.908203125,16584809,409.091796875,318.18359375,19077.92215401786,18861.472005208332,18422.95459472656
2023-04-14,18681.818359375,18954.544921875,18636.36328125,18772.7265625,18772.7265625,15188689,318.181640625,-90.908203125,18967.532366071428,18852.813988095237,18414.545502929686
2023-04-17,18727.2734375,19000.0,18727.2734375,18954.544921875,18954.544921875,10203049,272.7265625,-227.271484375,18883.116629464286,18872.294456845237,18405.909135742186
2023-04-18,19000.0,19090.908203125,18909.091796875,19045.455078125,19045.455078125,12728869,181.81640625,-45.455078125,18850.649274553572,18913.420014880954,18399.77277832031
2023-04-19,19136.36328125,19136.36328125,18909.091796875,18909.091796875,18909.091796875,11527009,227.271484375,227.271484375,18863.63643973214,18928.571614583332,18392.500053710937
2023-04-20,18909.091796875,19000.0,18863.63671875,18909.091796875,18909.091796875,7305869,136.36328125,0.0,18863.63643973214,18950.216703869046,18387.045512695313
2023-04-21,18909.091796875,18954.544921875,18818.181640625,18818.181640625,18818.181640625,14757214,136.36328125,90.91015625,18857.14285714286,18963.203683035714,18381.590961914062
2023-04-24,18818.181640625,18909.091796875,18681.818359375,18772.7265625,18772.7265625,17996549,227.2734375,45.455078125,18883.11690848214,18974.02613467262,18377.95459472656
2023-04-25,18909.091796875,19318.181640625,18818.181640625,19136.36328125,19136.36328125,23139819,500.0,-227.271484375,18935.065011160714,18984.848586309523,18374.77277832031
2023-04-26,19136.36328125,20000.0,19000.0,20000.0,20000.0,47673614,1000.0,-863.63671875,19084.41573660714,19041.125651041668,18372.727319335936
2023-04-27,20000.0,20000.0,19636.36328125,19727.2734375,19727.2734375,21121429,363.63671875,272.7265625,19181.818359375,19080.08668154762,18371.13641113281
2023-04-28,19727.2734375,19818.181640625,19454.544921875,19681.818359375,19681.818359375,18360759,363.63671875,45.455078125,19292.207868303572,19116.88318452381,18368.181870117187
2023-05-04,19500.0,19636.36328125,19272.7265625,19363.63671875,19363.63671875,18306639,363.63671875,136.36328125,19357.14285714286,19138.528180803572,18363.636420898438
2023-05-05,19363.63671875,19727.2734375,19272.7265625,19500.0,19500.0,14108929,454.546875,-136.36328125,19454.545479910714,19158.008742559523,18360.227329101563
2023-05-08,19590.908203125,19772.7265625,19500.0,19636.36328125,19636.36328125,12593459,272.7265625,-45.455078125,19577.92215401786,19179.653738839286,18352.954604492188
2023-05-09,19636.36328125,20136.36328125,19636.36328125,19818.181640625,19818.181640625,24655179,500.0,-181.818359375,19675.324776785714,19192.640718005954,18349.318237304688
2023-05-10,19818.181640625,19909.091796875,19681.818359375,19727.2734375,19727.2734375,9717408,227.2734375,90.908203125,19636.363839285714,19201.298735119046,18347.27278808594
2023-05-11,19818.181640625,19954.544921875,19636.36328125,19772.7265625,19772.7265625,15114109,318.181640625,45.455078125,19642.85714285714,19225.108258928572,18344.545512695313
2023-05-12,19772.7265625,20454.544921875,19636.36328125,20318.181640625,20318.181640625,49720329,818.181640625,-545.455078125,19733.766183035714,19296.53683035714,18342.954604492188
2023-05-15,20409.091796875,20545.455078125,20090.908203125,20090.908203125,20090.908203125,19660409,454.546875,318.18359375,19837.662109375,19352.813802083332,18342.500053710937
2023-05-16,20090.908203125,20272.7265625,19909.091796875,20000.0,20000.0,20355279,363.634765625,90.908203125,19909.090680803572,19406.926339285714,18342.95459472656
2023-05-17,20000.0,20090.908203125,19772.7265625,19818.181640625,19818.181640625,32000209,318.181640625,181.818359375,19935.06473214286,19465.36793154762,18343.63641113281
2023-05-18,19909.091796875,20181.818359375,19818.181640625,19954.544921875,19954.544921875,20504769,363.63671875,-45.453125,19954.54520089286,19521.644996279763,18346.81822753906
2023-05-19,20000.0,20090.908203125,19681.818359375,19818.181640625,19818.181640625,14260872,409.08984375,181.818359375,19967.532087053572,19562.770554315477,18348.63641113281
2023-05-22,19818.181640625,20090.908203125,19772.7265625,19909.091796875,19909.091796875,16409139,318.181640625,-90.91015625,19987.012834821428,19603.89611235119,18350.45459472656
2023-05-23,19954.544921875,20045.455078125,19636.36328125,19727.2734375,19727.2734375,15282409,409.091796875,227.271484375,19902.59737723214,19642.85714285714,18345.45459472656
2023-05-24,19909.091796875,19909.091796875,19363.63671875,19363.63671875,19363.63671875,22352109,545.455078125,545.455078125,19798.70145089286,19664.502139136905,18338.181870117187
2023-05-25,19363.63671875,19500.0,19272.7265625,19272.7265625,19272.7265625,14884649,227.2734375,90.91015625,19694.805245535714,19686.147135416668,18326.590961914062
2023-05-26,19363.63671875,19454.544921875,18954.544921875,19181.818359375,19181.818359375,17697019,500.0,181.818359375,19603.89620535714,19705.62769717262,18315.000053710937
2023-05-29,19363.63671875,19500.0,19272.7265625,19500.0,19500.0,12200979,227.2734375,-136.36328125,19538.96121651786,19722.94373139881,18306.590961914062
2023-05-30,19545.455078125,19636.36328125,19318.181640625,19409.091796875,19409.091796875,14803689,318.181640625,136.36328125,19480.51981026786,19694.805245535714,18296.363696289063
2023-05-31,19454.544921875,19500.0,19227.2734375,19272.7265625,19272.7265625,14922269,272.7265625,181.818359375,19389.610491071428,19673.16015625,18283.181870117187
2023-06-01,19227.2734375,19454.544921875,19136.36328125,19454.544921875,19454.544921875,11919819,318.181640625,-227.271484375,19350.649274553572,19662.33761160714,18272.27277832031
2023-06-02,19545.455078125,19818.181640625,19500.0,19636.36328125,19636.36328125,20918149,318.181640625,-90.908203125,19389.610212053572,19675.32459077381,18264.090961914062
2023-06-05,19818.181640625,20045.455078125,19636.36328125,19681.818359375,19681.818359375,22103729,409.091796875,136.36328125,19448.051897321428,19683.982607886905,18253.636420898438
2023-06-06,19727.2734375,19863.63671875,19590.908203125,19772.7265625,19772.7265625,12979889,272.728515625,-45.453125,19532.467354910714,19690.476097470237,18243.409145507812
2023-06-07,20000.0,20727.2734375,20000.0,20545.455078125,20545.455078125,61066059,727.2734375,-545.455078125,19681.81808035714,19725.10816592262,18234.545512695313
2023-06-08,20636.36328125,21045.455078125,20636.36328125,20727.2734375,20727.2734375,47007289,409.091796875,-90.91015625,19870.129743303572,19772.727213541668,18227.72733886719
2023-06-09,20727.2734375,20818.181640625,20454.544921875,20818.181640625,20818.181640625,26680829,363.63671875,-90.908203125,20090.909040178572,19822.510788690477,18222.045522460936
2023-06-12,21000.0,21045.455078125,20454.544921875,20863.63671875,20863.63671875,24441119,590.91015625,136.36328125,20292.207868303572,19848.484840029763,18218.409165039062
2023-06-13,20909.091796875,21318.181640625,20818.181640625,21272.7265625,21272.7265625,40864339,500.0,-363.634765625,20525.974051339286,19904.761904761905,18218.63643066406
2023-06-14,21318.181640625,21318.181640625,21000.0,21000.0,21000.0,28243379,318.181640625,318.181640625,20714.285714285714,19952.380952380954,18216.13643066406
2023-06-15,20909.091796875,21136.36328125,20909.091796875,21045.455078125,21045.455078125,19453939,227.271484375,-136.36328125,20896.104073660714,20010.82254464286,18214.545522460936
2023-06-16,21136.36328125,21636.36328125,21045.455078125,21318.181640625,21318.181640625,36380849,590.908203125,-181.818359375,21006.493582589286,20075.757626488095,18212.72733886719
2023-06-19,21318.181640625,21363.63671875,21181.818359375,21227.2734375,21227.2734375,14696989,181.818359375,90.908203125,21077.92215401786,20142.857235863095,18212.045522460936
2023-06-20,21227.2734375,21500.0,21181.818359375,21500.0,21500.0,16069129,318.181640625,-272.7265625,21175.324776785714,20218.614769345237,18215.000063476564
2023-06-21,21545.455078125,22409.091796875,21363.63671875,22363.63671875,22363.63671875,41790759,1045.455078125,-818.181640625,21389.610491071428,20344.15587797619,18222.045522460936
2023-06-22,22454.544921875,22681.818359375,22136.36328125,22590.908203125,22590.908203125,25339929,545.455078125,-136.36328125,21577.92215401786,20497.835472470237,18230.454604492188
2023-06-23,22590.908203125,23227.2734375,22500.0,23090.908203125,23090.908203125,32603163,727.2734375,-500.0,21876.62332589286,20679.653645833332,18237.27277832031
2023-06-26,23090.908203125,23181.818359375,22454.544921875,22909.091796875,22909.091796875,22439119,727.2734375,181.81640625,22142.85714285714,20857.14285714286,18244.77277832031
2023-06-27,23045.455078125,23454.544921875,22818.181640625,23454.544921875,23454.544921875,22052909,636.36328125,-409.08984375,22448.051897321428,21045.454520089286,18257.500043945314
2023-06-28,23636.36328125,24272.7265625,23545.455078125,24181.818359375,24181.818359375,35715789,727.271484375,-545.455078125,22870.129743303572,21272.727213541668,18273.409135742186
2023-06-29,24227.2734375,24272.7265625,23454.544921875,23454.544921875,23454.544921875,43419969,818.181640625,772.728515625,23149.350446428572,21471.861421130954,18282.500043945314
2023-06-30,23363.63671875,23818.181640625,23318.181640625,23772.7265625,23772.7265625,36265459,500.0,-409.08984375,23350.648995535714,21677.489118303572,18293.181860351564
2023-07-03,23818.181640625,24045.455078125,23545.455078125,23818.181640625,23818.181640625,19059809,500.0,0.0,23525.973772321428,21876.62332589286,18304.545493164063
2023-07-04,23772.7265625,23863.63671875,23545.455078125,23863.63671875,23863.63671875,23901019,318.181640625,-90.91015625,23636.36356026786,22075.75753348214,18316.13640136719
2023-07-05,24000.0,24727.2734375,23863.63671875,24500.0,24500.0,36886519,863.63671875,-500.0,23863.636160714286,22300.865792410714,18331.363676757814
2023-07-06,24454.544921875,24681.818359375,24090.908203125,24545.455078125,24545.455078125,30933429,590.91015625,-90.91015625,24019.48046875,22491.341982886905,18349.545493164063
2023-07-07,24454.544921875,24954.544921875,24090.908203125,24954.544921875,24954.544921875,27752119,863.63671875,-500.0,24129.869977678572,22692.640625,18371.363676757814
2023-07-10,24954.544921875,25409.091796875,24863.63671875,25181.818359375,25181.818359375,26694469,545.455078125,-227.2734375,24376.62332589286,22900.43284970238,18392.727309570313
2023-07-11,25272.7265625,25500.0,24772.7265625,24818.181640625,24818.181640625,26641999,727.2734375,454.544921875,24525.974051339286,23088.74451264881,18412.727309570313
2023-07-12,24818.181640625,24954.544921875,24227.2734375,24545.455078125,24545.455078125,30534019,727.271484375,272.7265625,24629.870256696428,23244.588727678572,18430.909125976563
2023-07-13,25000.0,25000.0,24454.544921875,24590.908203125,24590.908203125,15633969,545.455078125,409.091796875,24733.766183035714,23415.58435639881,18450.681850585937
2023-07-14,24681.818359375,25000.0,24590.908203125,25000.0,25000.0,18786239,409.091796875,-318.181640625,24805.194754464286,23603.896019345237,18473.863666992187
2023-07-17,25181.818359375,25227.2734375,24727.2734375,24818.181640625,24818.181640625,13853289,500.0,363.63671875,24844.155691964286,23770.562686011905,18496.13639160156
2023-07-18,24818.181640625,24863.63671875,24590.908203125,24727.2734375,24727.2734375,13741749,272.728515625,90.908203125,24811.688337053572,23937.229352678572,18520.681850585937
2023-07-19,24636.36328125,25181.818359375,24590.908203125,24909.091796875,24909.091796875,16916129,590.91015625,-272.728515625,24772.727399553572,24099.567057291668,18546.818217773438
2023-07-20,24818.181640625,25636.36328125,24818.181640625,25636.36328125,25636.36328125,34204862,818.181640625,-818.181640625,24889.610491071428,24255.411179315477,18578.63640136719
2023-07-21,25772.7265625,25818.181640625,25545.455078125,25818.181640625,25818.181640625,20301566,272.7265625,-45.455078125,25071.428571428572,24409.090866815477,18617.95458496094
2023-07-24,25863.63671875,26000.0,25454.544921875,25681.818359375,25681.818359375,19171811,545.455078125,181.818359375,25227.272879464286,24532.46754092262,18660.681860351564
2023-07-25,25681.818359375,25772.7265625,25454.544921875,25681.818359375,25681.818359375,22247796,318.181640625,0.0,25324.67550223214,24664.502139136905,18701.81822753906
2023-07-26,25681.818359375,25863.63671875,25590.908203125,25818.181640625,25818.181640625,25386525,272.728515625,-136.36328125,25467.532645089286,24777.05626860119,18749.09095214844
2023-07-27,25818.181640625,26090.908203125,25545.455078125,25818.181640625,25818.181640625,23447566,545.453125,0.0,25623.37667410714,24854.978329613095,18798.181860351564
2023-07-28,25818.181640625,26000.0,25590.908203125,25727.2734375,25727.2734375,25343229,409.091796875,90.908203125,25740.259765625,24963.20349702381,18843.409135742186
2023-07-31,25636.36328125,25681.818359375,24863.63671875,25636.36328125,25636.36328125,51204493,818.181640625,0.0,25740.259765625,25051.948102678572,18892.045498046875
2023-08-01,25545.455078125,25545.455078125,25000.0,25000.0,25000.0,30979871,545.455078125,545.455078125,25623.37667410714,25108.225167410714,18932.045498046875
2023-08-02,24909.091796875,25318.181640625,24772.7265625,25000.0,25000.0,20376542,545.455078125,-90.908203125,25525.974051339286,25162.337704613095,18968.409130859374
2023-08-03,24863.63671875,25000.0,24090.908203125,24409.091796875,24409.091796875,64195691,909.091796875,454.544921875,25344.15597098214,25158.008742559523,19002.045498046875
2023-08-04,24363.63671875,25000.0,24363.63671875,24863.63671875,24863.63671875,24387890,636.36328125,-500.0,25207.792410714286,25173.160249255954,19038.863681640625
2023-08-07,25045.455078125,25227.2734375,24818.181640625,25045.455078125,25045.455078125,26147010,409.091796875,0.0,25097.402901785714,25177.489304315477,19078.409140625
2023-08-08,25090.908203125,25363.63671875,24681.818359375,24727.2734375,24727.2734375,28554371,681.818359375,363.634765625,24954.545758928572,25155.844308035714,19118.409140625
2023-08-09,24727.2734375,25318.181640625,24590.908203125,25272.7265625,25272.7265625,47039244,727.2734375,-545.453125,24902.59765625,25177.489304315477,19162.500048828126
2023-08-10,25363.63671875,25363.63671875,24818.181640625,24863.63671875,24863.63671875,18771312,545.455078125,500.0,24883.1171875,25192.640811011905,19210.000048828126
2023-08-11,24909.091796875,25227.2734375,24681.818359375,25181.818359375,25181.818359375,25934820,545.455078125,-272.7265625,24909.091238839286,25220.779389880954,19261.363686523437
2023-08-14,25272.7265625,25772.7265625,25136.36328125,25590.908203125,25590.908203125,49693115,636.36328125,-318.181640625,25077.92215401786,25248.917875744046,19311.59095703125
2023-08-15,25590.908203125,25681.818359375,25318.181640625,25409.091796875,25409.091796875,20131803,363.63671875,181.81640625,25155.844308035714,25277.056454613095,19361.818232421876
2023-08-16,25409.091796875,25454.544921875,25136.36328125,25409.091796875,25409.091796875,16494092,318.181640625,0.0,25207.792410714286,25309.523995535714,19409.772783203123
2023-08-17,25454.544921875,26090.908203125,25454.544921875,25545.455078125,25545.455078125,51987946,636.36328125,-90.91015625,25324.67550223214,25339.827008928572,19461.136420898438
2023-08-18,25363.63671875,25454.544921875,23818.181640625,24090.908203125,24090.908203125,51037150,1636.36328125,1272.728515625,25155.844308035714,25266.233909970237,19510.454599609377
2023-08-21,24045.455078125,24136.36328125,23545.455078125,23818.181640625,23818.181640625,34629506,590.908203125,227.2734375,25006.493582589286,25170.99581473214,19561.36369140625
2023-08-22,23818.181640625,23954.544921875,22818.181640625,23772.7265625,23772.7265625,41297090,1136.36328125,45.455078125,24805.194754464286,25080.08668154762,19610.45459472656
2023-08-23,23954.544921875,24045.455078125,23318.181640625,23318.181640625,23318.181640625,24038662,727.2734375,636.36328125,24480.51953125,24967.532552083332,19657.95459472656
2023-08-24,23318.181640625,23909.091796875,23272.7265625,23909.091796875,23909.091796875,18300600,636.365234375,-590.91015625,24266.233816964286,24876.623511904763,19710.909145507812
2023-08-25,23818.181640625,24000.0,23590.908203125,23590.908203125,23590.908203125,24066580,409.091796875,227.2734375,24006.493303571428,24770.56287202381,19766.59095703125
2023-08-28,23636.36328125,24409.091796875,23636.36328125,24409.091796875,24409.091796875,25426829,772.728515625,-772.728515625,23844.155691964286,24707.792317708332,19828.863686523437
2023-08-29,24454.544921875,24681.818359375,24272.7265625,24545.455078125,24545.455078125,19800659,409.091796875,-90.91015625,23909.090959821428,24655.844308035714,19892.500053710937
2023-08-30,24545.455078125,24772.7265625,24318.181640625,24727.2734375,24727.2734375,22483449,454.544921875,-181.818359375,24038.96121651786,24642.857328869046,19961.136420898438
2023-08-31,24909.091796875,25363.63671875,24818.181640625,25090.908203125,25090.908203125,28527069,545.455078125,-181.81640625,24227.272879464286,24647.18629092262,20030.681870117187
2023-09-05,25272.7265625,25409.091796875,24772.7265625,25272.7265625,25272.7265625,27062870,636.365234375,0.0,24506.493582589286,24688.31175595238,20101.59095703125
2023-09-06,25227.2734375,26363.63671875,24909.091796875,26363.63671875,26363.63671875,58283059,1454.544921875,-1136.36328125,24857.14285714286,24759.740327380954,20176.59095703125
2023-09-07,26363.63671875,26636.36328125,25909.091796875,26045.455078125,26045.455078125,37392090,727.271484375,318.181640625,25207.792410714286,24807.359375,20246.136416015626
2023-09-08,25909.091796875,26500.0,25818.181640625,26136.36328125,26136.36328125,39540027,681.818359375,-227.271484375,25454.545479910714,24874.458891369046,20312.045502929686
2023-09-11,26363.63671875,26409.091796875,25227.2734375,25454.544921875,25454.544921875,52467359,1181.818359375,909.091796875,25584.415457589286,24883.11690848214,20370.681865234375
2023-09-12,25454.544921875,26136.36328125,25181.818359375,26136.36328125,26136.36328125,25075071,954.544921875,-681.818359375,25785.714006696428,24943.72293526786,20433.409135742186
2023-09-13,26181.818359375,26727.2734375,25681.818359375,25818.181640625,25818.181640625,54189739,1045.455078125,363.63671875,25889.610212053572,24974.025948660714,20495.227314453125
2023-09-14,25818.181640625,25954.544921875,25227.2734375,25272.7265625,25272.7265625,39740139,727.271484375,545.455078125,25889.610212053572,24958.874441964286,20558.863676757814
2023-09-15,25363.63671875,25545.455078125,25090.908203125,25090.908203125,25090.908203125,28325659,454.546875,272.728515625,25707.791852678572,24943.722842261905,20619.090947265624
2023-09-18,25090.908203125,25545.455078125,24727.2734375,25090.908203125,25090.908203125,23365319,818.181640625,0.0,25571.42801339286,24928.571242559523,20675.000034179688
2023-09-19,25454.544921875,25590.908203125,25000.0,25590.908203125,25590.908203125,24236189,590.908203125,-136.36328125,25493.505859375,24930.735677083332,20728.63639160156
2023-09-20,25590.908203125,25954.544921875,25500.0,25818.181640625,25818.181640625,29548969,454.544921875,-227.2734375,25545.453962053572,25012.986793154763,20778.63639160156
2023-09-21,25818.181640625,26454.544921875,25590.908203125,25818.181640625,25818.181640625,47257319,863.63671875,0.0,25499.999441964286,25108.22488839286,20824.090932617186
2023-09-22,25227.2734375,25409.091796875,24318.181640625,24818.181640625,24818.181640625,56513049,1090.91015625,409.091796875,25357.14229910714,25158.008463541668,20865.45456542969
2023-09-25,24545.455078125,25000.0,23363.63671875,23636.36328125,23636.36328125,40560629,1636.36328125,909.091796875,25123.376116071428,25173.159970238095,20895.227290039064
2023-09-26,23500.0,24363.63671875,23500.0,23818.181640625,23818.181640625,34136959,863.63671875,-318.181640625,24941.558035714286,25168.830915178572,20923.409106445313
2023-09-27,23772.7265625,24272.7265625,23772.7265625,24090.908203125,24090.908203125,24515809,500.0,-318.181640625,24798.70089285714,25192.640438988095,20959.31818847656
2023-09-28,24181.818359375,24409.091796875,23818.181640625,24181.818359375,24181.818359375,19208859,590.91015625,0.0,24597.40234375,25181.817894345237,20997.272739257813
2023-09-29,24363.63671875,24409.091796875,23863.63671875,23909.091796875,23909.091796875,17866309,545.455078125,454.544921875,24324.675223214286,25151.51488095238,21030.909106445313
2023-10-02,23909.091796875,24045.455078125,23636.36328125,23818.181640625,23818.181640625,13068054,409.091796875,90.91015625,24038.9609375,25108.224795386905,21062.727290039064
2023-10-03,23727.2734375,23727.2734375,22454.544921875,22545.455078125,22545.455078125,44734799,1272.728515625,1181.818359375,23714.285714285714,24987.012741815477,21090.909106445313
2023-10-04,22272.7265625,23181.818359375,21818.181640625,22954.544921875,22954.544921875,23259719,1363.63671875,-681.818359375,23616.88309151786,24876.623139880954,21119.31819824219
2023-10-05,23090.908203125,23181.818359375,22590.908203125,22636.36328125,22636.36328125,11576564,590.91015625,454.544921875,23448.051897321428,24699.133928571428,21145.227290039064
2023-10-06,22590.908203125,23000.0,22409.091796875,22681.818359375,22681.818359375,22934999,590.908203125,-90.91015625,23246.753348214286,24538.960751488095,21170.68184082031
2023-10-09,22681.818359375,23272.7265625,22681.818359375,23181.818359375,23181.818359375,12801634,590.908203125,-500.0,23103.89620535714,24398.268136160714,21193.863657226564
2023-10-10,23363.63671875,23863.63671875,23272.7265625,23636.36328125,23636.36328125,22160269,590.91015625,-272.7265625,23064.934988839286,24311.688058035714,21221.13638183594
2023-10-11,23772.7265625,23863.63671875,23454.544921875,23818.181640625,23818.181640625,15166689,409.091796875,-45.455078125,23064.934988839286,24201.29845610119,21253.863657226564
2023-10-12,23909.091796875,23909.091796875,23272.7265625,23454.544921875,23454.544921875,25418029,636.365234375,454.546875,23194.80496651786,24088.744326636905,21285.227290039064
2023-10-13,23272.7265625,23409.091796875,22772.7265625,23409.091796875,23409.091796875,22492799,636.365234375,-136.365234375,23259.740234375,23999.999813988095,21316.363657226564
2023-10-16,23409.091796875,23454.544921875,22727.2734375,22727.2734375,22727.2734375,17891499,727.271484375,681.818359375,23272.727399553572,23887.445777529763,21346.590932617186
2023-10-17,22909.091796875,23136.36328125,22545.455078125,22545.455078125,22545.455078125,16853649,590.908203125,363.63671875,23253.246930803572,23766.233723958332,21381.5909375
2023-10-18,22545.455078125,22681.818359375,21090.908203125,21818.181640625,21818.181640625,34671009,1590.91015625,727.2734375,23058.44168526786,23586.580078125,21407.7273046875
2023-10-19,21909.091796875,22000.0,21318.181640625,21545.455078125,21545.455078125,23027509,681.818359375,363.63671875,22759.74051339286,23383.11690848214,21432.7273046875
2023-10-20,21545.455078125,22136.36328125,21227.2734375,22136.36328125,22136.36328125,18233709,909.08984375,-590.908203125,22519.48074776786,23207.79222470238,21461.5909375
2023-10-23,22136.36328125,22136.36328125,21545.455078125,21818.181640625,21818.181640625,13176569,590.908203125,318.181640625,22285.71456473214,23064.935081845237,21488.863662109376
2023-10-24,21863.63671875,22181.818359375,21500.0,21818.181640625,21818.181640625,10904409,681.818359375,45.455078125,22058.44168526786,22978.355003720237,21510.4545703125
2023-10-25,21863.63671875,22363.63671875,21863.63671875,21863.63671875,21863.63671875,13268309,500.0,0.0,21935.065011160714,22885.281436011905,21531.5909375
2023-10-26,21636.36328125,21681.818359375,20545.455078125,20727.2734375,20727.2734375,34221659,1136.36328125,909.08984375,21675.324776785714,22725.108351934523,21545.2273046875
2023-10-27,21136.36328125,21363.63671875,20772.7265625,21227.2734375,21227.2734375,23926319,590.91015625,-90.91015625,21590.909319196428,22584.41573660714,21563.18185546875
2023-10-30,21227.2734375,21590.908203125,20909.091796875,20909.091796875,20909.091796875,17823849,681.81640625,318.181640625,21500.00027901786,22441.55859375,21578.63640625
2023-10-31,21363.63671875,21363.63671875,20818.181640625,20909.091796875,20909.091796875,23069199,545.455078125,454.544921875,21324.67578125,22303.03050595238,21593.181865234375
2023-11-01,20909.091796875,21772.7265625,20863.63671875,21772.7265625,21772.7265625,39115779,909.08984375,-863.634765625,21318.182198660714,22266.233909970237,21610.227314453125
2023-11-02,22000.0,23272.7265625,21909.091796875,22954.544921875,22954.544921875,30328979,1363.634765625,-954.544921875,21480.51981026786,22266.233909970237,21633.863671875
2023-11-03,23090.908203125,23181.818359375,22500.0,22818.181640625,22818.181640625,22548129,681.818359375,272.7265625,21616.883370535714,22274.891927083332,21657.272763671874
2023-11-06,23045.455078125,23545.455078125,22909.091796875,23409.091796875,23409.091796875,51777549,636.36328125,-363.63671875,22000.00027901786,22309.523995535714,21682.272763671874
2023-11-07,23454.544921875,23818.181640625,23136.36328125,23454.544921875,23454.544921875,21869869,681.818359375,0.0,22318.18191964286,22322.51097470238,21701.136396484377
2023-11-08,23454.544921875,24500.0,23272.7265625,24500.0,24500.0,39070569,1227.2734375,-1045.455078125,22831.168805803572,22363.636532738095,21725.000029296876
2023-11-09,24500.0,24909.091796875,24181.818359375,24272.7265625,24272.7265625,34497759,727.2734375,227.2734375,23311.688058035714,22385.28152901786,21750.227294921875
2023-11-10,24000.0,24636.36328125,23954.544921875,24090.908203125,24090.908203125,31985909,681.818359375,-90.908203125,23642.856863839286,22415.584542410714,21772.954560546874
2023-11-13,24090.908203125,25090.908203125,24090.908203125,24727.2734375,24727.2734375,48452029,1000.0,-636.365234375,23896.10379464286,22478.35509672619,21797.727294921875
2023-11-14,24909.091796875,25000.0,24272.7265625,24545.455078125,24545.455078125,26586999,727.2734375,363.63671875,24142.85714285714,22564.93517485119,21820.000029296876
2023-11-15,25045.455078125,25272.7265625,24545.455078125,24545.455078125,24545.455078125,38272299,727.271484375,500.0,24305.194754464286,22660.173270089286,21846.818212890626
2023-11-16,24409.091796875,24727.2734375,24363.63671875,24727.2734375,24727.2734375,17964099,363.63671875,-318.181640625,24487.013113839286,22798.70145089286,21873.636396484377
2023-11-17,24727.2734375,24909.091796875,23909.091796875,24090.908203125,24090.908203125,47705789,1000.0,636.365234375,24428.571428571428,22919.913504464286,21898.181845703126
2023-11-20,23727.2734375,24454.544921875,23727.2734375,24227.2734375,24227.2734375,20074999,727.271484375,-500.0,24422.078125,23019.480654761905,21923.181845703126
2023-11-21,24545.455078125,25000.0,24500.0,24590.908203125,24590.908203125,29449969,500.0,-45.453125,24493.506696428572,23151.51525297619,21956.363662109376
2023-11-22,24545.455078125,24727.2734375,24454.544921875,24727.2734375,24727.2734375,19740049,272.728515625,-181.818359375,24493.506696428572,23290.043433779763,21985.2273046875
2023-11-23,24818.181640625,24863.63671875,23500.0,23500.0,23500.0,23984949,1363.63671875,1318.181640625,24344.15597098214,23367.965494791668,22009.0909375
2023-11-24,23636.36328125,24000.0,23227.2734375,24000.0,24000.0,28851349,772.7265625,-363.63671875,24266.233816964286,23523.809616815477,22035.90912109375
2023-11-27,24090.908203125,24318.181640625,23818.181640625,23909.091796875,23909.091796875,18397059,500.0,181.81640625,24149.350725446428,23651.51525297619,22063.636396484377
2023-11-28,24000.0,24272.7265625,23681.818359375,24272.7265625,24272.7265625,22591029,590.908203125,-272.7265625,24175.324776785714,23811.688337053572,22091.363662109376
2023-11-29,24272.7265625,24636.36328125,24227.2734375,24545.455078125,24545.455078125,25413299,409.08984375,-272.728515625,24220.779296875,23984.848493303572,22119.545478515625
2023-11-30,24636.36328125,24727.2734375,24136.36328125,24136.36328125,24136.36328125,23519209,590.91015625,500.0,24155.844308035714,24097.40262276786,22143.409111328125
2023-12-01,24363.63671875,24636.36328125,24045.455078125,24454.544921875,24454.544921875,19231629,590.908203125,-90.908203125,24116.88309151786,24168.831194196428,22170.227294921875
2023-12-04,24727.2734375,25227.2734375,24590.908203125,25000.0,25000.0,46619979,636.365234375,-272.7265625,24331.168805803572,24272.72730654762,22195.6818359375
2023-12-05,25000.0,25045.455078125,24681.818359375,24772.7265625,24772.7265625,24921709,363.63671875,227.2734375,24441.55831473214,24337.662295386905,22221.36365234375
2023-12-06,24772.7265625,25090.908203125,24727.2734375,25090.908203125,25090.908203125,20512909,363.634765625,-318.181640625,24610.389229910714,24415.58435639881,22250.454560546874
2023-12-07,25136.36328125,25363.63671875,24500.0,25090.908203125,25090.908203125,55303489,863.63671875,45.455078125,24727.272321428572,24443.722842261905,22278.181826171876
2023-12-08,25272.7265625,25681.818359375,25000.0,25181.818359375,25181.818359375,58062069,681.818359375,90.908203125,24818.18136160714,24487.01292782738,22309.545458984376
2023-12-11,25181.818359375,25272.7265625,24818.181640625,25000.0,25000.0,19789439,454.544921875,181.818359375,24941.558035714286,24530.30301339286,22343.181826171876
2023-12-12,25000.0,25636.36328125,25000.0,25409.091796875,25409.091796875,35454759,636.36328125,-409.091796875,25077.921875,24562.770554315477,22379.318193359373
2023-12-13,25545.455078125,25636.36328125,24818.181640625,24863.63671875,24863.63671875,36913469,818.181640625,681.818359375,25058.44140625,24577.922061011905,22408.636376953124
2023-12-14,25045.455078125,25045.455078125,24590.908203125,24590.908203125,24590.908203125,35564649,454.546875,454.546875,25032.467354910714,24580.086495535714,22437.95455078125
2023-12-15,24636.36328125,24727.2734375,24318.181640625,24363.63671875,24363.63671875,39794699,409.091796875,272.7265625,24928.571428571428,24562.770461309523,22467.272734375
2023-12-18,24454.544921875,24545.455078125,24181.818359375,24181.818359375,24181.818359375,17003579,363.63671875,272.7265625,24798.70145089286,24567.099516369046,22495.45455078125
2023-12-19,24181.818359375,24727.2734375,24136.36328125,24727.2734375,24727.2734375,23483019,590.91015625,-545.455078125,24733.766462053572,24590.909040178572,22523.181826171876
2023-12-20,24727.2734375,24863.63671875,24636.36328125,24727.2734375,24727.2734375,19786359,227.2734375,0.0,24694.805524553572,24597.40262276786,22550.454560546874
2023-12-21,24636.36328125,24818.181640625,24500.0,24727.2734375,24727.2734375,16722639,318.181640625,-90.91015625,24597.402901785714,24597.40262276786,22577.727294921875
2023-12-22,24727.2734375,24863.63671875,24590.908203125,24590.908203125,24590.908203125,19278709,272.728515625,136.365234375,24558.44168526786,24649.350632440477,22603.86365234375
2023-12-25,24681.818359375,25090.908203125,24681.818359375,24954.544921875,24954.544921875,24415049,409.08984375,-272.7265625,24610.389787946428,24694.805152529763,22632.72728515625
2023-12-26,24909.091796875,25363.63671875,24909.091796875,25272.7265625,25272.7265625,37227189,454.544921875,-363.634765625,24740.259765625,24759.740141369046,22666.818193359373
2023-12-27,25318.181640625,25454.544921875,25227.2734375,25227.2734375,25227.2734375,23074589,227.271484375,90.908203125,24889.610491071428,24805.194754464286,22696.136376953124
2023-12-28,25227.2734375,25636.36328125,25136.36328125,25409.091796875,25409.091796875,35756819,500.0,-181.818359375,24987.013113839286,24846.3203125,22728.409111328125
2023-12-29,25409.091796875,25545.455078125,25272.7265625,25409.091796875,25409.091796875,24942510,272.728515625,0.0,25084.41573660714,24906.926432291668,22762.727294921875
2024-01-02,25545.455078125,25590.908203125,24954.544921875,24954.544921875,24954.544921875,24405919,636.36328125,590.91015625,25116.88309151786,24930.73595610119,22796.590927734374
2024-01-03,24909.091796875,25272.7265625,24909.091796875,25272.7265625,25272.7265625,20431839,363.634765625,-363.634765625,25214.285714285714,24943.72293526786,22830.00001953125
2024-01-04,25272.7265625,25545.455078125,25181.818359375,25227.2734375,25227.2734375,43551969,363.63671875,45.453125,25253.246930803572,24965.368024553572,22863.863662109376
2024-01-05,25227.2734375,25363.63671875,25045.455078125,25272.7265625,25272.7265625,19126139,318.181640625,-45.453125,25253.246930803572,24974.026041666668,22897.50001953125
2024-01-08,25409.091796875,25681.818359375,25318.181640625,25318.181640625,25318.181640625,36205839,363.63671875,90.91015625,25266.233816964286,24984.848586309523,22931.36365234375
2024-01-09,25363.63671875,25409.091796875,25000.0,25181.818359375,25181.818359375,32824989,409.091796875,181.818359375,25233.766183035714,24984.848586309523,22962.72728515625
2024-01-10,25181.818359375,25227.2734375,24772.7265625,24863.63671875,24863.63671875,35966149,454.546875,318.181640625,25155.84402901786,24978.35509672619,22992.954560546874
2024-01-11,24954.544921875,25136.36328125,24909.091796875,25000.0,25000.0,16873889,227.271484375,-45.455078125,25162.33761160714,24958.874534970237,23023.4091015625
2024-01-12,24863.63671875,24954.544921875,24590.908203125,24681.818359375,24681.818359375,31725649,363.63671875,181.818359375,25077.92215401786,24950.21651785714,23052.272734375
2024-01-15,24727.2734375,24954.544921875,24636.36328125,24636.36328125,24636.36328125,13882164,318.181640625,90.91015625,24993.506417410714,24952.381045386905,23080.909091796875
2024-01-16,24636.36328125,25272.7265625,24590.908203125,25272.7265625,25272.7265625,22843919,681.818359375,-636.36328125,24993.506417410714,24995.671037946428,23111.81818359375
2024-01-17,25318.181640625,25409.091796875,25136.36328125,25136.36328125,25136.36328125,25955819,272.728515625,181.818359375,24967.532366071428,25041.125558035714,23141.590908203125
2024-01-18,25181.818359375,25318.181640625,25090.908203125,25136.36328125,25136.36328125,14337399,227.2734375,45.455078125,24961.03878348214,25060.606026785714,23169.54544921875
2024-01-19,25227.2734375,25363.63671875,25090.908203125,25272.7265625,25272.7265625,16507589,272.728515625,-45.453125,25019.48018973214,25086.579985119046,23198.181806640627
2024-01-22,25454.544921875,26045.455078125,25318.181640625,25727.2734375,25727.2734375,73448429,727.2734375,-272.728515625,25123.376395089286,25134.199032738095,23230.454541015624
2024-01-23,25863.63671875,25909.091796875,25681.818359375,25772.7265625,25772.7265625,27850129,227.2734375,90.91015625,25279.22042410714,25190.476097470237,23265.227265625
2024-01-24,25727.2734375,25909.091796875,25681.818359375,25681.818359375,25681.818359375,18060789,227.2734375,45.455078125,25428.571149553572,25225.10816592262,23299.0908984375
2024-01-25,25681.818359375,25818.181640625,25454.544921875,25681.818359375,25681.818359375,17299699,363.63671875,0.0,25487.012834821428,25244.588727678572,23333.181806640627
2024-01-26,25818.181640625,25909.091796875,25681.818359375,25772.7265625,25772.7265625,23804329,227.2734375,45.455078125,25577.921875,25270.562686011905,23369.0908984375
2024-01-29,25772.7265625,25818.181640625,25454.544921875,25454.544921875,25454.544921875,24044899,363.63671875,318.181640625,25623.376395089286,25272.727120535714,23402.499990234373
2024-01-30,25454.544921875,25545.455078125,25318.181640625,25454.544921875,25454.544921875,19383319,227.2734375,0.0,25649.350446428572,25274.891555059523,23434.999990234373
2024-01-31,25409.091796875,25545.455078125,25227.2734375,25227.2734375,25227.2734375,27826589,318.181640625,181.818359375,25577.921875,25287.87862723214,23465.90908203125
2024-02-01,25227.2734375,25545.455078125,25181.818359375,25318.181640625,25318.181640625,11699709,363.63671875,-90.908203125,25512.986886160714,25290.043154761905,23497.95453125
2024-02-02,25181.818359375,25545.455078125,25181.818359375,25363.63671875,25363.63671875,16601419,363.63671875,-181.818359375,25467.532366071428,25296.536644345237,23530.227255859376
2024-02-05,25363.63671875,25727.2734375,25363.63671875,25454.544921875,25454.544921875,17898319,363.63671875,-90.908203125,25435.06473214286,25305.194661458332,23563.409072265626
2024-02-06,25590.908203125,25681.818359375,25454.544921875,25500.0,25500.0,16847049,227.2734375,90.908203125,25396.10379464286,25313.852678571428,23597.045439453126
2024-02-07,25500.0,25727.2734375,25500.0,25590.908203125,25590.908203125,15189129,227.2734375,-90.908203125,25415.58426339286,25333.333147321428,23629.3181640625
2024-02-15,25727.2734375,26272.7265625,25681.818359375,26090.908203125,26090.908203125,41238779,590.908203125,-363.634765625,25506.493303571428,25391.77464657738,23659.772705078125
2024-02-16,26136.36328125,26181.818359375,26000.0,26000.0,26000.0,19324579,181.818359375,136.36328125,25616.8828125,25439.393694196428,23691.136337890624
2024-02-19,26045.455078125,26727.2734375,25863.63671875,26545.455078125,26545.455078125,51906733,863.63671875,-500.0,25792.207589285714,25528.13829985119,23725.454521484375
2024-02-20,26545.455078125,26681.818359375,26409.091796875,26545.455078125,26545.455078125,23913669,272.7265625,0.0,25961.03878348214,25619.047433035714,23761.36361328125
2024-02-21,26454.544921875,26500.0,26090.908203125,26181.818359375,26181.818359375,36121359,409.091796875,272.7265625,26064.934988839286,25662.33751860119,23794.772705078125
2024-02-22,26090.908203125,26181.818359375,25954.544921875,25954.544921875,25954.544921875,24869129,227.2734375,136.36328125,26129.869977678572,25701.29854910714,23826.36361328125
2024-02-23,25954.544921875,26227.2734375,25818.181640625,25818.181640625,25818.181640625,31392679,409.091796875,136.36328125,26162.33761160714,25733.766090029763,23856.36361328125
2024-02-26,25818.181640625,26181.818359375,25727.2734375,26181.818359375,26181.818359375,22414369,454.544921875,-363.63671875,26175.324776785714,25777.056175595237,23888.636337890624
2024-02-27,26272.7265625,27681.818359375,26181.818359375,27590.908203125,27590.908203125,96317209,1500.0,-1318.181640625,26402.59737723214,25865.800688244046,23927.72724609375
2024-02-28,27636.36328125,28136.36328125,27409.091796875,27818.181640625,27818.181640625,40699999,727.271484375,-181.818359375,26584.415457589286,25963.203311011905,23965.22724609375
2024-02-29,27954.544921875,28318.181640625,27727.2734375,28181.818359375,28181.818359375,37483049,590.908203125,-227.2734375,26818.181640625,26082.250930059523,24005.681796875
2024-03-01,28363.63671875,28363.63671875,27863.63671875,28045.455078125,28045.455078125,30182569,500.0,318.181640625,27084.415457589286,26194.80505952381,24045.909072265626
2024-03-04,28181.818359375,28545.455078125,27909.091796875,28000.0,28000.0,31865976,636.36328125,181.818359375,27376.62332589286,26300.865699404763,24086.8181640625
2024-03-05,28000.0,28454.544921875,27909.091796875,28318.181640625,28318.181640625,33240899,545.453125,-318.181640625,27733.766183035714,26437.229352678572,24128.63634765625
2024-03-06,28272.7265625,28318.181640625,27727.2734375,28000.0,28000.0,30865339,590.908203125,272.7265625,27993.506417410714,26558.441499255954,24169.545439453126
2024-03-07,27909.091796875,28500.0,27818.181640625,28181.818359375,28181.818359375,36735632,681.818359375,-272.7265625,28077.92215401786,26699.134114583332,24210.909072265626
2024-03-08,28181.818359375,28227.2734375,27500.0,27545.455078125,27545.455078125,54490919,727.2734375,636.36328125,28038.96121651786,26805.194754464286,24249.99998046875
2024-03-11,27545.455078125,27818.181640625,27090.908203125,27181.818359375,27181.818359375,34045109,727.2734375,363.63671875,27896.104073660714,26891.774832589286,24289.090888671875
2024-03-12,27136.36328125,27636.36328125,27090.908203125,27454.544921875,27454.544921875,33759439,545.455078125,-318.181640625,27811.688337053572,26987.01292782738,24329.99998046875
2024-03-13,27454.544921875,28045.455078125,27363.63671875,28000.0,28000.0,32776699,681.818359375,-545.455078125,27811.688337053572,27106.060546875,24374.090888671875
2024-03-14,28090.908203125,28090.908203125,27500.0,27590.908203125,27590.908203125,34532189,590.908203125,500.0,27707.792131696428,27201.298642113095,24414.5454296875
2024-03-15,27590.908203125,27909.091796875,27272.7265625,27363.63671875,27363.63671875,39406069,636.365234375,227.271484375,27616.88309151786,27261.904761904763,24454.318154296874
2024-03-18,27409.091796875,27454.544921875,26363.63671875,26909.091796875,26909.091796875,55227479,1090.908203125,500.0,27435.065011160714,27305.194847470237,24492.49998046875
2024-03-19,26818.181640625,27818.181640625,26727.2734375,27090.908203125,27090.908203125,29827599,1090.908203125,-272.7265625,27370.129743303572,27331.168805803572,24530.681796875
2024-03-20,27136.36328125,27363.63671875,27045.455078125,27272.7265625,27272.7265625,14713269,318.181640625,-136.36328125,27383.116629464286,27365.80078125,24568.86361328125
2024-03-21,27590.908203125,27772.7265625,27363.63671875,27500.0,27500.0,23064139,409.08984375,90.908203125,27389.610212053572,27428.571335565477,24607.954521484375
2024-03-22,27590.908203125,27909.091796875,27454.544921875,27772.7265625,27772.7265625,41471429,454.546875,-181.818359375,27357.142578125,27515.151413690477,24647.954521484375
2024-03-25,27772.7265625,28136.36328125,27318.181640625,27454.544921875,27454.544921875,25168659,818.181640625,318.181640625,27337.662109375,27593.07347470238,24682.499970703124
2024-03-26,27454.544921875,27772.7265625,27363.63671875,27772.7265625,27772.7265625,13393269,409.08984375,-318.181640625,27396.103515625,27668.831008184523,24717.727236328126
2024-03-27,28090.908203125,28272.7265625,27818.181640625,27818.181640625,27818.181640625,28438189,454.544921875,272.7265625,27525.973493303572,27679.65355282738,24752.727236328126
2024-03-28,28045.455078125,28045.455078125,27681.818359375,27772.7265625,27772.7265625,22160269,363.63671875,272.728515625,27623.376116071428,27677.48902529762,24787.272685546875
2024-03-29,27818.181640625,27818.181640625,27500.0,27500.0,27500.0,19538419,318.181640625,318.181640625,27655.84375,27645.021484375,24818.409052734376
2024-04-01,27454.544921875,27590.908203125,27227.2734375,27363.63671875,27363.63671875,23561339,363.634765625,90.908203125,27636.36328125,27612.55394345238,24850.227236328126
2024-04-02,27181.818359375,27636.36328125,27090.908203125,27636.36328125,27636.36328125,31313809,545.455078125,-454.544921875,27616.8828125,27595.23790922619,24883.18177734375
2024-04-03,27590.908203125,27681.818359375,27227.2734375,27227.2734375,27227.2734375,23803779,454.544921875,363.634765625,27584.415457589286,27543.289899553572,24912.727236328126
2024-04-04,27227.2734375,27318.181640625,26863.63671875,26909.091796875,26909.091796875,30505529,454.544921875,318.181640625,27461.0390625,27491.341889880954,24941.136328125
2024-04-05,26772.7265625,27045.455078125,26590.908203125,26772.7265625,26772.7265625,26508679,454.546875,0.0,27311.688337053572,27424.242280505954,24967.4999609375
2024-04-08,26772.7265625,27090.908203125,26636.36328125,26909.091796875,26909.091796875,18467679,454.544921875,-136.365234375,27188.311941964286,27393.939267113095,24990.227236328126
2024-04-09,26909.091796875,27181.818359375,26863.63671875,27181.818359375,27181.818359375,11261799,318.181640625,-272.7265625,27142.857421875,27393.939267113095,25013.181787109374
2024-04-10,27227.2734375,27363.63671875,26954.544921875,26954.544921875,26954.544921875,12247839,409.091796875,272.728515625,27084.41573660714,27370.129743303572,25032.499970703124
2024-04-11,26772.7265625,27409.091796875,26772.7265625,27181.818359375,27181.818359375,21423819,636.365234375,-409.091796875,27019.48074776786,27331.16871279762,25053.863603515623
2024-04-12,27272.7265625,27363.63671875,27136.36328125,27227.2734375,27227.2734375,15407589,227.2734375,45.453125,27019.48074776786,27313.85277157738,25072.72724609375
2024-04-15,27136.36328125,27227.2734375,25545.455078125,25909.091796875,25909.091796875,34240029,1681.818359375,1227.271484375,26876.623604910714,27244.588727678572,25081.36361328125
2024-04-16,25909.091796875,25954.544921875,25318.181640625,25772.7265625,25772.7265625,36972286,636.36328125,136.365234375,26733.766462053572,27190.476097470237,25092.954521484375
2024-04-17,25909.091796875,25954.544921875,25363.63671875,25454.544921875,25454.544921875,17891829,590.908203125,454.546875,26525.974051339286,27112.554036458332,25101.36361328125
2024-04-19,25272.7265625,25772.7265625,25000.0,25272.7265625,25272.7265625,28959149,772.7265625,0.0,26253.246651785714,27017.315941220237,25108.636337890624
2024-04-22,25636.36328125,25636.36328125,25318.181640625,25454.544921875,25454.544921875,13651989,318.181640625,181.818359375,26038.9609375,26919.91331845238,25116.59087890625
2024-04-23,25454.544921875,25500.0,24954.544921875,25090.908203125,25090.908203125,20402689,545.455078125,363.63671875,25740.25948660714,26792.207682291668,25119.545419921877
2024-04-24,25363.63671875,26318.181640625,25227.2734375,26181.818359375,26181.818359375,25775199,1090.908203125,-818.181640625,25590.908761160714,26731.601655505954,25127.727236328126
2024-04-25,26090.908203125,26090.908203125,25727.2734375,25954.544921875,25954.544921875,12566839,363.634765625,136.36328125,25597.40206473214,26645.021577380954,25132.727236328126
2024-04-26,25727.2734375,25954.544921875,25500.0,25818.181640625,25818.181640625,20800999,454.544921875,-90.908203125,25603.895647321428,26549.78348214286,25135.909052734376
2024-05-02,25818.181640625,25818.181640625,25500.0,25772.7265625,25772.7265625,8209409,318.181640625,45.455078125,25649.350167410714,26454.545386904763,25140.68177734375
2024-05-03,25772.7265625,26454.544921875,25772.7265625,26045.455078125,26045.455078125,18430279,681.818359375,-272.728515625,25759.73995535714,26385.281343005954,25148.18177734375
2024-05-06,26227.2734375,26681.818359375,26181.818359375,26636.36328125,26636.36328125,32559889,500.0,-409.08984375,25928.571149553572,26350.649274553572,25158.409052734376
2024-05-07,26727.2734375,27454.544921875,26590.908203125,27409.091796875,27409.091796875,34539119,863.63671875,-681.818359375,26259.740234375,26339.826822916668,25170.45451171875
2024-05-08,27409.091796875,28181.818359375,27045.455078125,27909.091796875,27909.091796875,38247549,1136.36328125,-500.0,26506.493582589286,26372.294363839286,25185.9090625
2024-05-09,28090.908203125,28090.908203125,27318.181640625,27681.818359375,27681.818359375,21386980,772.7265625,409.08984375,26753.246930803572,26409.090866815477,25200.681787109374
2024-05-10,27818.181640625,27863.63671875,27227.2734375,27681.818359375,27681.818359375,21078122,636.36328125,136.36328125,27019.48074776786,26452.380952380954,25214.545419921877
2024-05-13,27772.7265625,27863.63671875,27363.63671875,27454.544921875,27454.544921875,14488748,500.0,318.181640625,27259.74051339286,26478.354910714286,25223.636328125
2024-05-14,27636.36328125,27909.091796875,27363.63671875,27454.544921875,27454.544921875,17901487,545.455078125,181.818359375,27461.0390625,26491.341889880954,25231.81814453125
2024-05-15,27500.0,28500.0,27500.0,28363.63671875,28363.63671875,50198862,1000.0,-863.63671875,27707.792410714286,26558.441499255954,25245.227236328126
2024-05-16,28727.2734375,28954.544921875,28590.908203125,28727.2734375,28727.2734375,30476511,363.63671875,0.0,27896.104073660714,26632.034598214286,25260.45451171875
2024-05-17,28727.2734375,28727.2734375,28318.181640625,28727.2734375,28727.2734375,32055077,409.091796875,0.0,28012.987165178572,26703.46316964286,25274.999970703124
2024-05-20,28772.7265625,29227.2734375,28727.2734375,29090.908203125,29090.908203125,51476809,500.0,-318.181640625,28214.285714285714,26854.97823660714,25291.363603515623
2024-05-21,29090.908203125,29090.908203125,28590.908203125,28954.544921875,28954.544921875,22972003,500.0,136.36328125,28396.10379464286,27006.49339657738,25307.4999609375
2024-05-22,28954.544921875,29045.455078125,28318.181640625,28454.544921875,28454.544921875,44559591,727.2734375,500.0,28538.9609375,27149.350539434523,25321.590869140626
2024-05-23,28850.0,29500.0,28600.0,29500.0,29500.0,39455290,900.0,-650.0,28831.168805803572,27350.649274553572,25344.090869140626
2024-05-24,29300.0,29500.0,28500.0,28900.0,28900.0,30353770,1000.0,400.0,28907.792131696428,27514.718563988095,25363.590869140626
2024-05-27,28900.0,29300.0,28650.0,28900.0,28900.0,17344230,650.0,0.0,28932.467354910714,27696.10388764881,25386.04541015625
2024-05-28,29000.0,29200.0,28800.0,29150.0,29150.0,17736770,400.0,-150.0,28992.856863839286,27837.445870535714,25407.4772265625
2024-05-29,29100.0,29250.0,28600.0,28600.0,28600.0,24119540,650.0,500.0,28922.727120535714,27963.419921875,25425.249951171874
2024-05-30,28500.0,28550.0,28000.0,28250.0,28250.0,27449780,550.0,250.0,28822.07784598214,28079.220796130954,25442.863583984374
2024-05-31,28400.0,28800.0,28050.0,28600.0,28600.0,17796990,750.0,-200.0,28842.85714285714,28213.852864583332,25459.499951171874
2024-06-03,28800.0,29100.0,28800.0,29000.0,29000.0,20654610,300.0,-200.0,28771.428571428572,28354.545479910714,25480.181767578124
2024-06-04,29000.0,29800.0,29000.0,29300.0,29300.0,44847350,800.0,-300.0,28828.571428571428,28481.385323660714,25500.77267578125
2024-06-05,29300.0,29500.0,29100.0,29250.0,29250.0,19195950,400.0,50.0,28878.571428571428,28569.04761904762,25519.068134765625
2024-06-06,29250.0,29650.0,28900.0,29300.0,29300.0,27536770,750.0,-50.0,28900.0,28635.281343005954,25538.52267578125
2024-06-07,29350.0,29400.0,29100.0,29300.0,29300.0,16383050,300.0,50.0,29000.0,28712.33761160714,25557.977216796877
2024-06-10,29400.0,29450.0,29150.0,29300.0,29300.0,20655000,300.0,100.0,29150.0,28789.393880208332,25576.74994140625
2024-06-11,29400.0,29650.0,29050.0,29100.0,29100.0,28979570,600.0,300.0,29221.428571428572,28867.748883928572,25601.795400390623
2024-06-12,29000.0,29600.0,29000.0,29600.0,29600.0,24900300,600.0,-600.0,29307.14285714286,28969.913411458332,25630.7044921875
2024-06-13,29650.0,29700.0,29300.0,29500.0,29500.0,22548700,400.0,150.0,29335.714285714286,29024.025948660714,25659.340859375
2024-06-14,29500.0,29950.0,29100.0,29100.0,29100.0,43190000,850.0,400.0,29314.285714285714,29041.774832589286,25688.249951171874
2024-06-17,29100.0,29950.0,29000.0,29450.0,29450.0,34436100,950.0,-350.0,29335.714285714286,29076.190383184523,25715.9544921875
2024-06-18,29500.0,29700.0,29400.0,29400.0,29400.0,20193100,300.0,100.0,29350.0,29090.909040178572,25744.999951171874
2024-06-19,29500.0,29550.0,29250.0,29350.0,29350.0,19834500,300.0,150.0,29357.14285714286,29109.740234375,25769.7044921875
2024-06-20,29250.0,29400.0,28950.0,29350.0,29350.0,27913360,450.0,-100.0,29392.85714285714,29152.380952380954,25793.727216796877
2024-06-21,29350.0,29350.0,29000.0,29050.0,29050.0,15503490,350.0,300.0,29314.285714285714,29130.95238095238,25815.340849609376
2024-06-24,29000.0,29100.0,28250.0,28700.0,28700.0,38366660,850.0,300.0,29200.0,29121.428571428572,25833.38630859375
2024-06-25,28600.0,29050.0,28500.0,28700.0,28700.0,17801130,550.0,-100.0,29142.85714285714,29111.904761904763,25850.52267578125
2024-06-26,28750.0,29200.0,28600.0,28900.0,28900.0,20279160,600.0,-150.0,29064.285714285714,29100.0,25863.2044921875
2024-06-27,29000.0,29050.0,28700.0,28850.0,28850.0,10080690,350.0,150.0,28985.714285714286,29111.904761904763,25877.227216796877
2024-06-28,28750.0,28900.0,28300.0,28300.0,28300.0,23362340,600.0,450.0,28835.714285714286,29114.285714285714,25888.045400390623
2024-07-01,28300.0,28500.0,28050.0,28350.0,28350.0,13725530,450.0,-50.0,28692.85714285714,29102.380952380954,25902.52267578125
2024-07-02,28350.0,28850.0,28250.0,28700.0,28700.0,21378620,600.0,-350.0,28642.85714285714,29088.095238095237,25915.340859375
2024-07-03,29000.0,29100.0,28700.0,28750.0,28750.0,19520980,400.0,250.0,28650.0,29061.904761904763,25929.999951171874
2024-07-04,28850.0,29050.0,28600.0,28700.0,28700.0,9373180,450.0,150.0,28650.0,29035.714285714286,25947.136318359375
2024-07-05,28700.0,28950.0,28600.0,28650.0,28650.0,15620620,350.0,50.0,28614.285714285714,29004.761904761905,25964.93177734375
2024-07-08,28700.0,29050.0,28650.0,28800.0,28800.0,19549360,400.0,-100.0,28607.14285714286,28980.95238095238,25983.477236328126
2024-07-09,28800.0,29200.0,28750.0,29000.0,29000.0,22824390,450.0,-200.0,28707.14285714286,28966.666666666668,26000.5226953125
2024-07-10,29100.0,29500.0,28950.0,28950.0,28950.0,31339660,550.0,150.0,28792.85714285714,28959.52380952381,26016.181787109374
2024-07-11,29150.0,29250.0,28850.0,28850.0,28850.0,14788170,400.0,300.0,28814.285714285714,28923.809523809523,26031.34087890625
2024-07-12,28900.0,28950.0,28450.0,28500.0,28500.0,18403520,500.0,400.0,28778.571428571428,28876.190476190477,26049.749970703124
2024-07-15,28550.0,28750.0,28200.0,28450.0,28450.0,16511700,550.0,100.0,28742.85714285714,28845.238095238095,26073.818154296874
2024-07-16,28500.0,28650.0,28400.0,28450.0,28450.0,12840620,250.0,50.0,28714.285714285714,28797.619047619046,26096.97724609375
2024-07-17,28550.0,28600.0,27600.0,28200.0,28200.0,26071110,1000.0,350.0,28628.571428571428,28740.47619047619,26117.522705078125
2024-07-18,28200.0,28450.0,28050.0,28400.0,28400.0,20987440,400.0,-200.0,28542.85714285714,28695.238095238095,26138.61361328125
2024-07-19,28400.0,28400.0,28200.0,28200.0,28200.0,15130270,200.0,200.0,28435.714285714286,28640.47619047619,26160.068154296874
2024-07-22,28100.0,28200.0,27750.0,28050.0,28050.0,20109400,450.0,50.0,28321.428571428572,28592.85714285714,26181.22724609375
2024-07-23,28050.0,28200.0,27800.0,27800.0,27800.0,15840900,400.0,250.0,28221.428571428572,28550.0,26207.499970703124
2024-07-24,27750.0,27950.0,27100.0,27700.0,27700.0,19263100,850.0,50.0,28114.285714285714,28502.380952380954,26231.22724609375
2024-07-25,27600.0,27650.0,27300.0,27350.0,27350.0,13419700,350.0,250.0,27957.14285714286,28428.571428571428,26254.7954296875
2024-07-26,27350.0,27650.0,27350.0,27450.0,27450.0,8866900,300.0,-100.0,27850.0,28361.904761904763,26278.636337890624
2024-07-29,27650.0,28100.0,27600.0,27900.0,27900.0,16736740,500.0,-250.0,27778.571428571428,28342.85714285714,26302.22724609375
2024-07-30,28000.0,28200.0,27900.0,27900.0,27900.0,15612800,300.0,100.0,27735.714285714286,28321.428571428572,26323.5454296875
2024-07-31,27900.0,27900.0,27100.0,27200.0,27200.0,24578900,800.0,700.0,27614.285714285714,28250.0,26340.454521484375
2024-08-01,27500.0,27650.0,26600.0,26700.0,26700.0,31450400,1050.0,800.0,27457.14285714286,28152.380952380954,26356.681796875
2024-08-02,26650.0,27300.0,26500.0,27250.0,27250.0,17642000,800.0,-600.0,27392.85714285714,28083.333333333332,26375.886337890624
2024-08-05,26800.0,26850.0,25800.0,25950.0,25950.0,46010000,1050.0,850.0,27192.85714285714,27954.761904761905,26391.999970703124
2024-08-06,26050.0,26450.0,25850.0,26300.0,26300.0,20427400,600.0,-250.0,27028.571428571428,27835.714285714286,26410.7726953125
2024-08-07,26450.0,26450.0,25950.0,26050.0,26050.0,16249700,500.0,400.0,26764.285714285714,27695.238095238095,26431.931787109374
2024-08-08,25950.0,26100.0,25550.0,25600.0,25600.0,21887400,550.0,350.0,26435.714285714286,27535.714285714286,26452.20451171875
2024-08-09,25900.0,26100.0,25700.0,26050.0,26050.0,13383200,400.0,-150.0,26271.428571428572,27402.380952380954,26471.7726953125
